id,boneage
1404,128.85972595214844
1406,99.43655395507812
1411,67.55003356933594
1412,127.23631286621094
1414,104.61066436767578
